firm_name,city_or_hq,leader_name,leader_title,linkedin_url
Panish | Shea | Ravipudi LLP,"Los Angeles, CA",Brian Panish,Partner,https://www.linkedin.com/in/brianpanish
Panish | Shea | Ravipudi LLP,"Los Angeles, CA",Rahul Ravipudi,Partner,https://www.linkedin.com/in/rahulravipudi
Carpenter & Zuckerman,"Beverly Hills, CA",John Carpenter,Founding Partner,https://www.linkedin.com/in/john-carpenter-esq-0a634b47
Carpenter & Zuckerman,"Beverly Hills, CA",Paul Zuckerman,Partner,https://www.linkedin.com/in/paul-zuckerman-54623779
"The Dominguez Firm, LLP","Los Angeles, CA",Juan J. Dominguez,Founder / CEO / Managing Partner,https://www.linkedin.com/in/juan-j-dominguez
Wilshire Law Firm,"Los Angeles, CA",Bobby Saadian,Founder,https://www.linkedin.com/in/injurylawyerbobbysaadian
"Arash Law (The Law Office of Arash Khorsandi, PC)","Los Angeles, CA",Arash Khorsandi,Principal / Lead Attorney,https://www.linkedin.com/in/arash-khorsandi-11010b8
Sweet James (Bergener Firm),California (multiple offices),James Bergener,Founding Principal / Managing Attorney,https://www.linkedin.com/in/jamesbergener
Law Offices of Jacob Emrani,"Los Angeles, CA",Jacob Emrani,Principal,https://www.linkedin.com/in/jacob-emrani-53925020
The Simon Law Group,"Torrance, CA",Robert T. Simon,Co-Founder / Trial Lawyer,https://www.linkedin.com/in/roberttsimon
"Bisnar Chase Personal Injury Attorneys, LLP","Newport Beach, CA",Brian Chase,Partner,https://www.linkedin.com/in/briandchase
West Coast Trial Lawyers,"Los Angeles, CA",Neama Rahmani,President / Co-Founder,https://www.linkedin.com/in/neama-rahmani-84799874
West Coast Trial Lawyers,"Los Angeles, CA",Allen Patatanyan,Managing Partner / Co-Founder,https://www.linkedin.com/in/allen-patatanyan-14239167
